{
  "periods": [
    [
      2.34322,
      0.0,
      0.0
    ],
    [
      1.4348084363490306e-16,
      2.34322,
      0.0
    ],
    [
      2.400430191008727e-16,
      2.400430191008727e-16,
      3.9202
    ]
  ],
  "vertices": [
    [
      3.000537738760909e-17,
      3.000537738760909e-17,
      0.490025
    ],
    [
      2.1003764171326363e-16,
      2.1003764171326363e-16,
      3.4301749999999998
    ],
    [
      1.17161,
      1.17161,
      1.470075
    ],
    [
      1.1716100000000003,
      1.1716100000000003,
      2.450125
    ],
    [
      1.4645125,
      0.29290250000000007,
      0.98005
    ],
    [
      0.29290250000000023,
      0.8787075000000002,
      2.94015
    ],
    [
      0.8787075000000002,
      2.0503175000000002,
      0.98005
    ],
    [
      2.0503175000000002,
      1.4645125000000003,
      2.94015
    ]
  ],
  "halfedges": [
    [
      0,
      1,
      [
        0,
        0,
        -1
      ]
    ],
    [
      1,
      0,
      [
        0,
        0,
        1
      ]
    ],
    [
      1,
      0,
      [
        0,
        0,
        1
      ]
    ],
    [
      0,
      1,
      [
        0,
        0,
        -1
      ]
    ],
    [
      2,
      3,
      [
        0,
        0,
        0
      ]
    ],
    [
      3,
      2,
      [
        0,
        0,
        0
      ]
    ],
    [
      3,
      2,
      [
        0,
        0,
        0
      ]
    ],
    [
      2,
      3,
      [
        0,
        0,
        0
      ]
    ],
    [
      4,
      6,
      [
        0,
        -1,
        0
      ]
    ],
    [
      6,
      4,
      [
        0,
        1,
        0
      ]
    ],
    [
      5,
      7,
      [
        -1,
        0,
        0
      ]
    ],
    [
      7,
      5,
      [
        1,
        0,
        0
      ]
    ],
    [
      6,
      4,
      [
        0,
        1,
        0
      ]
    ],
    [
      4,
      6,
      [
        0,
        -1,
        0
      ]
    ],
    [
      7,
      5,
      [
        1,
        0,
        0
      ]
    ],
    [
      5,
      7,
      [
        -1,
        0,
        0
      ]
    ],
    [
      0,
      6,
      [
        0,
        -1,
        0
      ]
    ],
    [
      6,
      0,
      [
        0,
        1,
        0
      ]
    ],
    [
      0,
      4,
      [
        -1,
        0,
        0
      ]
    ],
    [
      4,
      0,
      [
        1,
        0,
        0
      ]
    ],
    [
      1,
      5,
      [
        0,
        0,
        0
      ]
    ],
    [
      5,
      1,
      [
        0,
        0,
        0
      ]
    ],
    [
      1,
      7,
      [
        -1,
        -1,
        0
      ]
    ],
    [
      7,
      1,
      [
        1,
        1,
        0
      ]
    ],
    [
      4,
      0,
      [
        1,
        0,
        0
      ]
    ],
    [
      0,
      4,
      [
        -1,
        0,
        0
      ]
    ],
    [
      4,
      2,
      [
        0,
        0,
        0
      ]
    ],
    [
      2,
      4,
      [
        0,
        0,
        0
      ]
    ],
    [
      2,
      4,
      [
        0,
        0,
        0
      ]
    ],
    [
      4,
      2,
      [
        0,
        0,
        0
      ]
    ],
    [
      2,
      6,
      [
        0,
        0,
        0
      ]
    ],
    [
      6,
      2,
      [
        0,
        0,
        0
      ]
    ],
    [
      5,
      1,
      [
        0,
        0,
        0
      ]
    ],
    [
      1,
      5,
      [
        0,
        0,
        0
      ]
    ],
    [
      5,
      3,
      [
        0,
        0,
        0
      ]
    ],
    [
      3,
      5,
      [
        0,
        0,
        0
      ]
    ],
    [
      3,
      5,
      [
        0,
        0,
        0
      ]
    ],
    [
      5,
      3,
      [
        0,
        0,
        0
      ]
    ],
    [
      3,
      7,
      [
        0,
        0,
        0
      ]
    ],
    [
      7,
      3,
      [
        0,
        0,
        0
      ]
    ],
    [
      6,
      0,
      [
        0,
        1,
        0
      ]
    ],
    [
      0,
      6,
      [
        0,
        -1,
        0
      ]
    ],
    [
      6,
      2,
      [
        0,
        0,
        0
      ]
    ],
    [
      2,
      6,
      [
        0,
        0,
        0
      ]
    ],
    [
      7,
      3,
      [
        0,
        0,
        0
      ]
    ],
    [
      3,
      7,
      [
        0,
        0,
        0
      ]
    ],
    [
      7,
      1,
      [
        1,
        1,
        0
      ]
    ],
    [
      1,
      7,
      [
        -1,
        -1,
        0
      ]
    ]
  ],
  "inversions": [
    1,
    0,
    3,
    2,
    5,
    4,
    7,
    6,
    9,
    8,
    11,
    10,
    13,
    12,
    15,
    14,
    17,
    16,
    19,
    18,
    21,
    20,
    23,
    22,
    25,
    24,
    27,
    26,
    29,
    28,
    31,
    30,
    33,
    32,
    35,
    34,
    37,
    36,
    39,
    38,
    41,
    40,
    43,
    42,
    45,
    44,
    47,
    46
  ],
  "rotations": []
}